Commodity,Price_Date,Modal_Price_Avg,Modal_Price_Median,Min_Price_Avg,Max_Price_Avg,Markets_Reporting,States_Reporting
Onion,2023-01-07,1624.0592512077296,1267.5,1408.9855072463768,1824.792270531401,414,20
Onion,2023-01-08,1786.4491666666665,1530.0,1527.8464912280701,2011.8530701754387,456,22
Onion,2023-01-09,2274.5622222222223,2130.0,1961.5866666666666,2518.5355555555557,450,23
Onion,2023-01-10,2262.5243243243244,2030.0,2042.1351351351352,2444.7945945945944,185,16
Onion,2023-01-11,4343.7124873096445,4000.0,3784.6624365482235,4788.071065989848,394,23
Onion,2023-01-12,3970.1045576407505,3750.0,3580.313672922252,4323.423592493297,373,20
Onion,2023-02-07,1570.853046594982,1285.0,1393.4802867383512,1729.0,279,17
Onion,2023-02-08,1728.0207581967213,1512.5,1480.1967213114754,1943.7540983606557,488,23
Onion,2023-02-09,2230.067599067599,2100.0,1931.2797202797203,2470.6759906759908,429,22
Onion,2023-02-10,2270.376146788991,2050.0,2008.5351681957186,2490.6391437308866,327,18
Onion,2023-02-11,4332.898454746137,4000.0,3810.008830022075,4767.258278145695,453,23
Onion,2023-02-12,3905.2455696202533,3650.0,3515.650632911392,4232.843037974683,395,21
Onion,2023-03-07,1659.6822246696036,1300.0,1439.770925110132,1859.6762114537446,454,20
Onion,2023-03-08,1768.7061884368309,1550.0,1511.5203426124197,1981.0278372591006,467,23
Onion,2023-03-09,2169.1111111111113,2110.0,1924.72030651341,2364.1685823754788,261,18
Onion,2023-03-10,2327.539278131635,2090.0,2012.0127388535032,2584.3014861995753,471,23
Onion,2023-03-11,4198.814345991561,4000.0,3627.6983122362867,4645.784810126583,474,24
Onion,2023-03-12,3770.640909090909,3640.0,3484.0272727272727,4050.0272727272727,220,19
Onion,2023-04-07,1692.6590658174098,1350.0,1442.7409766454352,1912.5010615711253,471,22
Onion,2023-04-08,1735.6442032332561,1550.0,1465.3833718244803,1961.8937644341802,433,22
Onion,2023-04-09,2320.288209606987,2127.5,2018.9694323144104,2552.670305676856,458,22
Onion,2023-04-10,2355.724358974359,2100.0,2045.2628205128206,2614.3739316239316,468,24
Onion,2023-04-11,4209.318944844124,4010.0,3744.2877697841727,4585.764988009592,417,23
Onion,2023-04-12,3863.652977412731,3615.0,3291.975359342916,4233.815195071868,487,22
Onion,2023-05-07,1696.1523529411766,1351.0,1440.9193899782135,1920.359477124183,459,20
Onion,2023-05-08,1748.4906542056074,1565.0,1511.1892523364486,1946.8294392523364,428,21
Onion,2023-05-09,2312.2703050108935,2120.0,1997.3769063180828,2558.8518518518517,459,24
Onion,2023-05-10,2350.039748953975,2100.0,2038.2259414225941,2593.2510460251046,478,24
Onion,2023-05-11,4035.0439024390244,4000.0,3756.2487804878047,4308.707317073171,205,14
Onion,2023-05-12,3786.8337078651684,3600.0,3223.5483146067418,4180.492134831461,445,24
Onion,2023-06-06,1334.7673456790124,1110.0,1145.0905349794239,1506.962962962963,486,23
Onion,2023-06-07,1751.108350730689,1400.0,1501.7202505219207,1965.6847599164928,479,21
Onion,2023-06-08,1817.2090163934427,1567.5,1605.377049180328,2004.6598360655737,244,21
Onion,2023-06-09,2262.4031007751937,2100.0,1970.875968992248,2497.813953488372,387,21
Onion,2023-06-10,2321.447092050209,2100.0,2002.8221757322176,2579.755230125523,478,23
Onion,2023-06-11,4088.387121212121,3984.5,3555.7272727272725,4510.6255411255415,462,21
Onion,2023-06-12,3803.8417582417583,3600.0,3245.720879120879,4189.852747252748,455,24
Onion,2023-07-06,1383.3445647558387,1125.0,1200.5435244161358,1560.1995753715498,471,22
Onion,2023-07-07,1747.1727064220186,1400.0,1490.538990825688,1972.2844036697247,436,21
Onion,2023-07-08,1843.7242176870748,1600.0,1579.8321995464853,2055.988662131519,441,20
Onion,2023-07-09,2322.058184210526,2140.0,2073.25,2508.5947368421052,380,21
Onion,2023-07-10,2393.8315550755938,2130.0,2082.7602591792656,2637.144708423326,463,22
Onion,2023-07-11,4016.2720556745185,3850.0,3504.0299785867237,4421.638115631692,467,24
Onion,2023-07-12,3777.0934959349593,3550.0,3217.3130081300815,4155.40243902439,492,24
Onion,2023-08-06,1406.4238592750535,1126.0,1231.641791044776,1579.315565031983,469,22
Onion,2023-08-07,1724.7836411609499,1400.0,1471.6332453825858,1933.5277044854881,379,20
Onion,2023-08-08,1892.8573493975903,1600.0,1623.4357429718875,2120.1887550200804,498,23
Onion,2023-08-09,2265.4177215189875,2120.0,1979.4978902953587,2493.7299578059074,474,22
Onion,2023-08-10,2248.7148288973385,2110.0,1996.6159695817491,2455.7794676806084,263,18
Onion,2023-08-11,4165.138228941684,3850.0,3678.0842332613393,4571.8142548596115,463,23
Onion,2023-08-12,3695.693446088795,3500.0,3263.2241014799156,4067.4291754756873,473,24
Onion,2023-09-06,1353.3299130434782,1120.0,1178.8521739130435,1524.0260869565218,460,22
Onion,2023-09-07,1631.3091603053435,1425.0,1448.8358778625955,1801.7824427480916,262,17
Onion,2023-09-08,1970.3383975659228,1600.0,1703.5294117647059,2187.738336713996,493,23
Onion,2023-09-09,2258.176470588235,2100.0,1968.6200980392157,2492.6176470588234,408,22
Onion,2023-09-10,2409.752461873638,2175.0,2076.9150326797385,2641.211328976035,459,23
Onion,2023-09-11,5127.554054054054,3900.0,4575.018018018018,5580.831081081081,444,24
Onion,2023-09-12,3586.8582887700536,3500.0,3160.7032085561495,3970.4304812834225,374,23
Onion,2023-10-06,1291.6751338199513,1120.0,1116.7177615571777,1453.4014598540145,411,22
Onion,2023-10-07,1668.9130537634408,1450.0,1415.2989247311828,1892.305376344086,465,19
Onion,2023-10-08,1984.8522245762713,1617.5,1704.156779661017,2213.3389830508477,472,23
Onion,2023-10-09,2161.003546099291,2095.0,1914.8085106382978,2376.9397163120566,282,18
Onion,2023-10-10,2353.7880085653105,2150.0,2031.3768736616703,2592.147751605996,467,23
Onion,2023-10-11,4122.719895287958,3900.0,3729.0523560209426,4459.062827225131,382,23
Onion,2023-10-12,3577.8353413654618,3400.0,3245.2008032128515,3859.9397590361446,249,18
Onion,2023-11-06,1277.9927797833934,1100.0,1131.3140794223827,1413.4440433212997,277,17
Onion,2023-11-07,1600.823311546841,1475.0,1365.681917211329,1804.4705882352941,459,21
Onion,2023-11-08,1986.7656745182012,1620.0,1683.2334047109207,2219.578158458244,467,23
Onion,2023-11-09,2334.993670886076,2122.5,2031.9915611814347,2584.0991561181436,474,23
Onion,2023-11-10,2455.1673640167364,2200.0,2131.644351464435,2705.010460251046,478,25
Onion,2023-11-11,4248.0421455938695,3975.0,3834.3256704980845,4606.954022988506,261,22
Onion,2023-11-12,3452.128260869565,3350.0,3017.1065217391306,3787.708695652174,460,21
Onion,2023-12-06,1401.295294117647,1125.0,1219.5395537525355,1572.6511156186612,493,20
Onion,2023-12-07,1590.4974509803922,1495.0,1340.1394335511982,1815.0021786492375,459,21
Onion,2023-12-08,1916.9323308270677,1675.0,1639.6516290726818,2136.2055137844613,399,22
Onion,2023-12-09,2307.778021978022,2100.0,2022.2087912087911,2551.9978021978022,455,24
Onion,2023-12-10,2418.454841437632,2200.0,2084.4799154334037,2664.1585623678648,473,23
Onion,2023-12-11,4077.027972027972,3850.0,3774.4755244755243,4362.06993006993,143,12
Onion,2023-12-12,3335.592017738359,3260.0,2946.5654101995565,3659.977827050998,451,22
Onion,2024-01-01,2171.5398457583547,1950.0,1880.943444730077,2608.5758354755785,389,20
Onion,2024-01-02,1840.288990825688,1709.5,1615.5711009174313,2045.4495412844037,436,22
Onion,2024-01-03,1945.1418604651162,1727.5,1673.593023255814,2153.851162790698,430,24
Onion,2024-01-04,1956.5960264900662,1800.0,1742.6986754966888,2132.612582781457,302,19
Onion,2024-01-05,1787.4905660377358,1690.0,1597.3962264150944,1983.867924528302,371,23
Onion,2024-01-06,1954.7631658291457,1650.0,1645.3015075376884,2186.565326633166,398,20
Onion,2024-01-08,3344.1630139372824,3022.5,2939.1202090592333,3540.6480836236933,574,23
Onion,2024-01-09,4343.393939393939,4082.5,3922.030303030303,4507.924242424242,330,20
Onion,2024-01-10,4541.003906542056,4300.0,3904.7644859813086,4836.639252336448,535,25
Onion,2024-01-11,4928.0428211586905,4800.0,4481.775818639799,5106.272040302267,397,21
Onion,2024-01-12,3958.9506172839506,3860.0,3649.4444444444443,4234.395061728395,162,17
Onion,2024-02-01,2274.566909975669,2000.0,1973.4136253041363,2540.2603406326034,411,22
Onion,2024-02-02,1848.8297872340424,1700.0,1613.463829787234,2125.3659574468084,470,24
Onion,2024-02-03,1876.6932084309133,1750.0,1602.704918032787,2077.5644028103043,427,21
Onion,2024-02-04,1721.8127090301002,1700.0,1460.5351170568563,1925.819397993311,299,21
Onion,2024-02-05,1845.4488017429194,1650.0,1613.9237472766883,2079.1132897603484,459,24
Onion,2024-02-06,1912.7590361445782,1650.0,1707.4939759036145,2095.5662650602408,249,19
Onion,2024-02-08,3361.573741258741,3045.0,2983.479020979021,3554.877622377622,572,24
Onion,2024-02-09,4256.125912408759,4000.0,3719.8138686131388,4470.010948905109,548,23
Onion,2024-02-10,4662.9885057471265,4500.0,4163.337931034483,4897.287356321839,435,21
Onion,2024-02-11,4758.2072892938495,4500.0,4296.220956719818,4961.849658314351,439,22
Onion,2024-02-12,4650.38947368421,4000.0,3921.082456140351,5058.364912280702,570,23
Onion,2024-03-01,2466.2056074766356,2050.0,2144.28738317757,2721.1495327102803,428,21
Onion,2024-03-02,1803.6813953488372,1676.5,1593.1023255813955,2058.1627906976746,430,23
Onion,2024-03-03,1898.4790697674418,1765.0,1693.4511627906977,2065.646511627907,215,19
Onion,2024-03-04,1875.0761670761672,1750.0,1619.6044226044226,2057.982800982801,407,24
Onion,2024-03-05,1847.8482905982905,1660.0,1619.7884615384614,2068.301282051282,468,23
Onion,2024-03-06,1952.4028870292886,1650.0,1646.623430962343,2189.0753138075315,478,21
Onion,2024-03-08,3364.931464737794,3000.0,2973.1826401446656,3545.1916817359856,553,23
Onion,2024-03-09,4165.144365217391,4000.0,3646.9495652173914,4414.686956521739,575,24
Onion,2024-03-10,4557.184654300168,4330.0,3947.5446880269815,4849.564924114671,593,24
Onion,2024-03-11,4742.876470588235,4500.0,4226.879411764706,4938.505882352942,340,19
Onion,2024-03-12,4582.629565217391,4000.0,3901.201739130435,4956.184347826087,575,24
Onion,2024-04-01,2372.190371991247,2000.0,2075.6673960612693,2648.665207877462,457,22
Onion,2024-04-02,1808.7911111111111,1700.0,1631.9288888888889,1965.4533333333334,225,18
Onion,2024-04-03,1927.1602564102564,1777.5,1652.3675213675215,2151.096153846154,468,22
Onion,2024-04-04,1889.5480093676815,1730.0,1650.3325526932085,2079.7985948477753,427,26
Onion,2024-04-05,1814.0012788259958,1675.0,1564.4633123689728,2023.8238993710693,477,24
Onion,2024-04-06,1962.3780760626398,1700.0,1668.1029082774048,2184.2259507829976,447,23
Onion,2024-04-08,3505.1022099447514,3300.0,3183.732044198895,3639.0690607734805,362,19
Onion,2024-04-09,4236.004659863946,3900.0,3694.391156462585,4584.10544217687,588,23
Onion,2024-04-10,4553.25528109029,4340.0,3923.482112436116,4846.75468483816,587,24
Onion,2024-04-11,4650.2798507462685,4464.0,4051.6623134328356,4973.445895522388,536,22
Onion,2024-04-12,4680.617957746479,4000.0,3982.082746478873,5027.920774647887,568,24
Onion,2024-05-01,2341.9076923076923,2000.0,2052.835164835165,2602.556043956044,455,21
Onion,2024-05-02,1801.961625282167,1650.0,1585.4018058690745,2004.3882618510158,443,21
Onion,2024-05-03,1926.3182844243793,1800.0,1639.8487584650113,2122.765237020316,443,25
Onion,2024-05-04,1927.8998345153664,1770.0,1707.825059101655,2107.7304964539007,423,22
Onion,2024-05-05,1775.9160305343512,1700.0,1575.2022900763359,1952.3396946564885,262,18
Onion,2024-05-06,2043.2742616033756,1733.0,1713.6413502109704,2271.649789029536,474,24
Onion,2024-05-08,3344.006791808874,3000.0,2962.9624573378837,3542.7696245733787,586,23
Onion,2024-05-09,4199.930771812081,3900.0,3665.0050335570468,4531.644295302013,596,24
Onion,2024-05-10,4522.579606440072,4300.0,3913.788908765653,4842.71198568873,559,22
Onion,2024-05-11,4666.894353369763,4500.0,4010.6502732240438,5024.262295081967,549,24
Onion,2024-05-12,4511.151652470187,3950.0,3790.3867120954005,4929.458262350937,587,24
Onion,2024-06-01,2369.7466063348415,2000.0,2101.450226244344,2631.398190045249,442,22
Onion,2024-06-02,1783.780701754386,1600.0,1570.6008771929824,2040.157894736842,456,24
Onion,2024-06-03,1983.5223880597016,1810.0,1685.2793176972282,2168.0319829424307,469,24
Onion,2024-06-04,1874.6491646778043,1710.0,1638.3460620525059,2074.7756563245825,419,25
Onion,2024-06-05,1871.9281395348837,1690.0,1597.2790697674418,2113.133192389006,473,22
Onion,2024-06-06,2071.232292993631,1800.0,1755.7091295116772,2314.596602972399,471,24
Onion,2024-06-07,2656.8464051094893,2800.0,2295.5967153284673,2867.4817518248174,548,23
Onion,2024-06-08,3380.8050847457625,3010.0,2988.3016949152543,3592.979661016949,590,26
Onion,2024-06-09,4219.485765920826,4000.0,3694.3752151462995,4505.5490533562825,581,24
Onion,2024-06-10,4749.2597765363125,4500.0,4179.706703910614,4939.6815642458105,358,20
Onion,2024-06-11,4730.010714285714,4400.0,4032.739285714286,5119.935714285714,560,23
Onion,2024-06-12,4584.392361111111,4000.0,3892.128472222222,5604.861111111111,576,24
Onion,2024-07-01,2395.8425925925926,2000.0,2182.8888888888887,2602.689814814815,216,19
Onion,2024-07-02,1785.573275862069,1600.0,1547.7952586206898,1980.2564655172414,464,25
Onion,2024-07-03,2004.5504587155963,1827.5,1679.2981651376147,2182.3577981651374,436,23
Onion,2024-07-04,1826.7878787878788,1725.0,1633.8961038961038,1992.2294372294373,231,17
Onion,2024-07-05,1912.3569777777777,1700.0,1666.34,2134.3444444444444,450,24
Onion,2024-07-07,2336.3217665615143,2700.0,2113.731861198738,2504.11356466877,317,19
Onion,2024-07-08,3369.2259797297297,3000.0,2968.5844594594596,3565.9577702702704,592,24
Onion,2024-07-09,4320.857988165681,4000.0,3894.6252465483235,4508.536489151874,507,22
Onion,2024-07-10,4580.7657657657655,4400.0,4012.436036036036,4860.953153153153,555,23
Onion,2024-07-11,4765.954697986577,4500.0,3953.986577181208,5194.114093959732,596,24
Onion,2024-08-01,2360.512249443207,2000.0,2072.6592427616924,2601.6993318485524,449,21
Onion,2024-08-02,1750.1484716157206,1570.0,1531.8100436681223,1936.4170305676855,458,21
Onion,2024-08-03,1921.8424242424242,1800.0,1697.6454545454546,2102.1151515151514,330,22
Onion,2024-08-04,1913.255,1730.0,1682.42,2086.3225,400,23
Onion,2024-08-05,1935.9910788381742,1672.5,1653.545643153527,2172.9066390041494,482,24
Onion,2024-08-07,3291.0689048473964,3000.0,2862.991023339318,3493.906642728905,557,22
Onion,2024-08-08,3376.2572968490877,3020.0,2965.4328358208954,3577.2520729684907,603,25
Onion,2024-08-09,4465.85260115607,4250.0,4015.549132947977,4635.031791907514,346,19
Onion,2024-08-10,4614.677298311444,4500.0,4133.078799249531,4894.454033771107,533,22
Onion,2024-08-11,4845.0015100671135,4500.0,4041.9093959731545,5280.3607382550335,596,23
Onion,2024-09-01,2278.6742081447965,2000.0,1987.0,2517.7420814479638,442,22
Onion,2024-09-02,1800.810502283105,1600.0,1595.5502283105022,1988.4315068493152,438,23
Onion,2024-09-03,1893.1716621253406,1800.0,1612.6185286103541,2078.2452316076296,367,23
Onion,2024-09-04,1985.6271676300578,1780.0,1806.1936416184972,2141.849710982659,346,20
Onion,2024-09-05,1864.0530785562632,1670.0,1602.8980891719746,2103.5010615711253,471,24
Onion,2024-09-07,3317.3155080213905,3000.0,2909.54367201426,3556.176470588235,561,26
Onion,2024-09-08,3413.394327586207,3175.5,3015.2362068965517,3611.6827586206896,580,25
Onion,2024-09-09,4251.793515358362,4000.0,3716.711604095563,4493.373720136518,586,23
Onion,2024-09-10,4454.603089005235,4240.0,3811.739965095986,4768.359511343804,573,25
Onion,2024-09-11,4933.888747628083,4500.0,4199.256166982922,5296.001897533207,527,24
Onion,2024-10-01,2324.915717539863,2000.0,2054.9521640091116,2572.1526195899773,439,23
Onion,2024-10-02,1683.3766937669377,1500.0,1463.0054200542006,1855.070460704607,369,23
Onion,2024-10-03,1957.2358490566037,1800.0,1728.566037735849,2123.4150943396226,212,19
Onion,2024-10-04,1937.2592592592594,1760.0,1768.4646464646464,2090.777777777778,297,19
Onion,2024-10-05,1947.4380964467005,1675.0,1709.1573604060914,2132.979695431472,394,24
Onion,2024-10-07,3289.3924731182797,3012.5,2873.9157706093188,3514.1971326164876,558,23
Onion,2024-10-08,3459.808193668529,3200.0,3063.3054003724396,3653.739292364991,537,23
Onion,2024-10-09,4284.343383838384,4000.0,3789.419191919192,4528.52861952862,594,23
Onion,2024-10-10,4482.976289752651,4267.5,3894.989399293286,4751.017667844523,566,25
Onion,2024-10-11,5192.051075268817,4800.0,4508.94623655914,5457.325268817204,372,21
Onion,2024-11-01,2393.4586288416076,2000.0,2124.1394799054374,2626.8439716312055,423,21
Onion,2024-11-02,1718.595744680851,1550.0,1545.5702127659574,1878.4425531914894,235,18
Onion,2024-11-03,1973.6085011185683,1800.0,1659.5503355704698,2177.6174496644294,447,22
Onion,2024-11-04,2026.4392857142857,1800.0,1869.482142857143,2172.0392857142856,280,19
Onion,2024-11-05,1888.865892857143,1650.0,1644.1326530612246,2070.8647959183672,392,22
Onion,2024-11-07,3237.5195035460993,3005.0,2822.6524822695037,3462.281914893617,564,23
Onion,2024-11-08,3531.411111111111,3400.0,3175.616666666667,3692.241666666667,360,20
Onion,2024-11-09,4298.602694915254,4000.0,3783.0237288135595,4574.937288135593,590,23
Onion,2024-11-10,4585.158607350097,4400.0,3994.460348162476,4880.829787234043,517,22
Onion,2024-11-11,4966.6781609195405,4500.0,4197.6551724137935,5429.8587848932675,609,22
Onion,2024-12-01,2352.9151376146788,2000.0,2067.798165137615,2595.144495412844,436,22
Onion,2024-12-02,1725.6503340757238,1540.0,1514.8195991091313,1927.7795100222718,449,23
Onion,2024-12-03,1975.6939203354298,1800.0,1691.461215932914,2177.169811320755,477,24
Onion,2024-12-04,1979.9641449275362,1750.0,1790.4492753623188,2140.686956521739,345,22
Onion,2024-12-05,1930.5183673469387,1675.0,1748.3673469387754,2090.877551020408,245,17
Onion,2024-12-07,3265.5749525616698,3015.0,2857.954459203036,3528.351043643264,527,25
Onion,2024-12-08,3532.9723183391,3300.0,3138.885813148789,3739.955017301038,578,22
Onion,2024-12-09,4307.804354561102,4000.0,3764.7831325301204,4583.833046471601,581,23
Onion,2024-12-10,4657.599118942731,4367.5,4157.385462555066,4879.418502202643,454,22
Onion,2024-12-11,4985.583904109589,4550.0,4224.304794520548,5444.424657534247,584,25
Onion,2025-01-03,3029.640625,2647.5,2641.1545138888887,3212.2413194444443,576,22
Onion,2025-01-04,2304.3795761079,2000.0,2042.329479768786,2459.616570327553,519,20
Onion,2025-01-05,1770.6990291262136,1500.0,1550.1300970873785,1892.0563106796117,515,20
Onion,2025-01-06,1910.9267605633802,1470.0,1649.7042253521126,2020.030985915493,355,18
Onion,2025-02-03,3302.42039800995,2800.0,2959.2039800995026,3453.532338308458,402,17
Onion,2025-02-04,2193.497520661157,1900.0,1916.6231404958678,2354.4413223140496,605,23
Onion,2025-02-05,1693.0987122416536,1350.0,1446.8759936406996,1850.2829888712242,629,23
Onion,2025-02-06,1734.8242088607594,1300.0,1471.6962025316457,1909.7689873417721,632,22
Onion,2025-03-03,2979.500797448166,2640.0,2584.433811802233,3185.6012759170653,627,22
Onion,2025-03-04,2124.2969984202214,1820.0,1852.605055292259,2293.695102685624,633,24
Onion,2025-03-05,1670.466132231405,1325.0,1420.2413223140495,1827.7851239669421,605,22
Onion,2025-03-06,1717.9278846153845,1280.0,1459.2820512820513,1889.2035256410256,624,21
Onion,2025-04-03,2970.6629032258065,2635.0,2582.627419354839,3161.6370967741937,620,23
Onion,2025-04-04,2052.042340093604,1800.0,1776.7082683307333,2223.1840873634947,641,24
Onion,2025-04-05,1820.5555555555557,1410.0,1584.0050505050506,1932.1818181818182,396,19
Onion,2025-04-06,1742.8786885245902,1300.0,1494.3213114754099,1909.8868852459016,610,23
Onion,2025-05-03,2955.969355345912,2630.0,2554.9638364779876,3167.187106918239,636,24
Onion,2025-05-04,2088.098190954774,1800.0,1822.8978224455611,2237.572864321608,597,23
Onion,2025-05-05,1678.678120063191,1325.0,1433.137440758294,1853.998420221169,633,22
Onion,2025-05-06,1704.0885668276972,1250.0,1445.6328502415458,1883.3204508856684,621,23
Onion,2025-06-02,2877.5088,2300.0,2496.3376,3097.1056,625,23
Onion,2025-06-03,2961.788870703764,2600.0,2581.631751227496,3150.9198036006546,611,22
Onion,2025-06-04,2349.304347826087,2000.0,1987.7621483375958,2463.235294117647,391,20
Onion,2025-06-05,1700.6747185430463,1336.0,1459.5364238410596,1861.4867549668875,604,23
Onion,2025-06-06,1760.8544783306581,1300.0,1508.2841091492776,1931.9101123595506,623,25
Onion,2025-07-02,2871.237341772152,2300.0,2493.503164556962,3075.5870253164558,632,22
Onion,2025-07-03,2924.417423510467,2600.0,2551.3703703703704,3120.2141706924317,621,22
Onion,2025-07-04,2045.444094488189,1800.0,1764.607874015748,2214.951181102362,635,22
Onion,2025-07-05,1717.3465594855306,1305.0,1471.5546623794212,1868.5530546623795,622,24
Onion,2025-07-06,1860.6062236286919,1422.5,1627.6308016877638,1985.4135021097047,474,21
Onion,2025-08-02,2856.323049001815,2300.0,2489.032667876588,3044.3466424682397,551,23
Onion,2025-08-03,2941.2654205607478,2600.0,2590.1532710280376,3117.336448598131,535,22
Onion,2025-08-04,1987.31088,1750.0,1717.128,2154.512,625,23
Onion,2025-08-05,1690.8387037037037,1300.0,1441.7824074074074,1847.1265432098764,648,24
Onion,2025-08-06,1945.1933842239187,1500.0,1694.4249363867684,2059.3944020356234,393,20
Onion,2025-09-02,2997.195431472081,2500.0,2694.6192893401017,3131.738578680203,394,19
Onion,2025-09-03,3141.102827763496,2700.0,2809.6606683804625,3286.8431876606683,389,18
Onion,2025-09-04,2004.1837,1720.0,1733.6266666666668,2160.155,600,23
Onion,2025-09-05,1701.7649448818897,1280.0,1450.3496062992126,1861.732283464567,635,22
Onion,2025-09-06,1749.7340858505563,1375.0,1484.6152623211447,1924.2337042925278,629,20
Onion,2025-10-02,2931.693739424704,2500.0,2594.169204737733,3132.4111675126906,591,22
Onion,2025-10-03,2786.20245398773,2582.5,2444.8006134969323,2976.9907975460123,652,20
Onion,2025-10-04,2073.903220973783,1800.0,1826.5973782771537,2215.12734082397,534,23
Onion,2025-10-05,1454.2662244897958,1250.0,1265.107142857143,1633.7933673469388,392,18
Onion,2025-10-06,1498.782920892495,1230.0,1255.0466531440163,1738.716024340771,493,21
Onion,2025-11-02,2973.196977547496,2500.0,2633.9827288428323,3140.2383419689118,579,23
Onion,2025-11-03,2761.2380952380954,2575.0,2436.479365079365,2946.0730158730157,630,22
Onion,2025-11-04,1963.6795751633986,1700.0,1697.5343137254902,2126.2107843137255,612,24
Onion,2025-11-05,1967.0505617977528,1675.0,1726.2359550561798,2070.255617977528,356,19
Onion,2025-11-06,1893.0546697038724,1400.0,1595.1594533029613,2084.751708428246,439,20
Onion,2025-12-02,3064.853211009174,2500.0,2707.9266055045873,3248.005504587156,545,23
Onion,2025-12-03,2768.800978792822,2565.0,2441.133768352365,2958.1647634584015,613,23
Onion,2025-12-04,2023.5963580246912,1710.0,1758.0925925925926,2162.446502057613,486,20
Onion,2025-12-05,1767.5462799263353,1400.0,1523.1528545119706,1917.1252302025782,543,19
Potato,2023-01-07,1413.6736292428197,1200.0,1282.3159268929503,1546.4882506527415,383,22
Potato,2023-01-08,1627.1238095238095,1282.5,1458.4214285714286,1792.595238095238,420,24
Potato,2023-01-09,1492.416091954023,1250.0,1332.422988505747,1657.2275862068966,435,24
Potato,2023-01-10,1326.5103092783504,1150.0,1211.0979381443299,1430.659793814433,194,16
Potato,2023-01-11,1463.5535248041776,1200.0,1288.9321148825065,1615.9086161879895,383,24
Potato,2023-01-12,1418.7386934673366,1135.0,1265.1206030150754,1563.1206030150754,398,21
Potato,2023-02-07,1312.9508771929825,1180.0,1199.778947368421,1431.9649122807018,285,17
Potato,2023-02-08,1441.824295010846,1250.0,1300.6399132321042,1591.6919739696311,461,24
Potato,2023-02-09,1584.8720379146919,1220.0,1438.89336492891,1741.3199052132702,422,23
Potato,2023-02-10,1343.8540372670807,1150.0,1194.0093167701864,1493.9192546583852,322,18
Potato,2023-02-11,1441.714606741573,1175.0,1272.3258426966293,1616.8539325842696,445,24
Potato,2023-02-12,1453.2,1155.0,1297.9333333333334,1580.251282051282,390,21
Potato,2023-03-07,1473.4941588785048,1180.0,1338.2943925233644,1605.1799065420562,428,21
Potato,2023-03-08,1460.7612612612613,1286.0,1312.099099099099,1610.1351351351352,444,24
Potato,2023-03-09,1370.0859375,1220.0,1245.80078125,1495.56640625,256,18
Potato,2023-03-10,1445.7528344671202,1200.0,1271.344671201814,1594.2562358276643,441,24
Potato,2023-03-11,1456.1768558951965,1170.0,1261.5,1699.7227074235807,458,25
Potato,2023-03-12,1262.0971659919028,1100.0,1149.3927125506073,1368.817813765182,247,19
Potato,2023-04-07,1452.3702031602709,1200.0,1323.2302483069977,1589.6997742663657,443,22
Potato,2023-04-08,1453.0542452830189,1275.0,1307.6155660377358,1604.6556603773586,424,23
Potato,2023-04-09,1522.274336283186,1220.0,1369.7853982300885,1682.353982300885,452,23
Potato,2023-04-10,1506.3447488584475,1200.0,1336.3721461187215,1671.013698630137,438,24
Potato,2023-04-11,1407.3985507246377,1160.0,1243.2898550724638,1566.5289855072465,414,23
Potato,2023-04-12,1368.4829157175398,1110.0,1218.7198177676537,1506.605922551253,439,22
Potato,2023-05-07,1405.4411085450347,1200.0,1280.027713625866,1536.501154734411,433,21
Potato,2023-05-08,1402.435960591133,1250.0,1258.1576354679803,1551.1674876847292,406,21
Potato,2023-05-09,1457.9703872437358,1200.0,1303.0478359908884,1615.3963553530753,439,24
Potato,2023-05-10,1460.1759465478842,1200.0,1299.4766146993318,1621.6926503340758,449,24
Potato,2023-05-11,1238.8898678414098,1130.0,1125.374449339207,1363.5022026431718,227,14
Potato,2023-05-12,1378.5630841121495,1100.0,1226.6191588785048,1518.693925233645,428,24
Potato,2023-06-06,1342.5615212527964,1040.0,1212.619686800895,1465.2997762863536,447,25
Potato,2023-06-07,1394.7752808988764,1200.0,1263.6606741573034,1524.6786516853933,445,22
Potato,2023-06-08,1399.9794238683128,1270.0,1279.0617283950617,1530.1234567901236,243,21
Potato,2023-06-09,1431.9190600522193,1200.0,1285.0,1582.1227154046996,383,21
Potato,2023-06-10,1406.3203463203463,1195.0,1240.590909090909,1561.1450216450216,462,24
Potato,2023-06-11,1411.0694444444443,1162.5,1249.1828703703704,1577.8055555555557,432,22
Potato,2023-06-12,1389.4206896551725,1100.0,1237.3655172413794,1528.7333333333333,435,24
Potato,2023-07-06,1312.2850678733032,1072.5,1181.1153846153845,1438.4049773755655,442,23
Potato,2023-07-07,1417.2825552825552,1200.0,1275.7985257985258,1561.3857493857495,407,22
Potato,2023-07-08,1394.4342431761786,1250.0,1254.8610421836229,1539.7965260545905,403,21
Potato,2023-07-09,1476.8861788617887,1200.0,1336.7344173441734,1619.3089430894308,369,21
Potato,2023-07-10,1429.5812356979404,1200.0,1269.0526315789473,1622.7162471395882,437,22
Potato,2023-07-11,1409.4412416851442,1160.0,1242.070953436807,1573.0221729490022,451,25
Potato,2023-07-12,1338.054054054054,1072.5,1194.2792792792793,1477.5202702702702,444,24
Potato,2023-08-06,1316.876126126126,1072.5,1195.412162162162,1434.5563063063064,444,24
Potato,2023-08-07,1403.2027777777778,1200.0,1260.3916666666667,1534.8833333333334,360,20
Potato,2023-08-08,1458.3192904656319,1270.0,1308.419068736142,1613.350332594235,451,24
Potato,2023-08-09,1495.8963282937366,1200.0,1342.0215982721381,1652.8725701943845,463,23
Potato,2023-08-10,1345.108695652174,1200.0,1215.2173913043478,1470.3804347826087,276,18
Potato,2023-08-11,1417.216517857143,1150.0,1248.0535714285713,1604.075892857143,448,23
Potato,2023-08-12,1338.1508620689656,1040.0,1194.0,1478.8383620689656,464,25
Potato,2023-09-06,1281.357630979499,1070.0,1156.4760820045558,1397.246013667426,439,23
Potato,2023-09-07,1345.187969924812,1200.0,1238.5338345864661,1457.8383458646617,266,17
Potato,2023-09-08,1602.6337719298247,1260.0,1457.2938596491229,1751.5504385964912,456,24
Potato,2023-09-09,1380.2706766917292,1200.0,1244.468671679198,1520.0375939849623,399,22
Potato,2023-09-10,1422.8215962441313,1200.0,1261.1690140845071,1574.75117370892,426,23
Potato,2023-09-11,1435.3933333333334,1160.0,1262.6266666666668,1596.42,450,25
Potato,2023-09-12,1265.1136950904393,1010.0,1124.8630490956073,1385.5968992248063,387,23
Potato,2023-10-06,1227.2131979695432,1060.0,1096.9441624365481,1379.517766497462,394,23
Potato,2023-10-07,1426.498845265589,1200.0,1296.1870669745958,1559.2725173210163,433,21
Potato,2023-10-08,1500.085201793722,1250.0,1365.7174887892377,1639.5627802690583,446,24
Potato,2023-10-09,1360.749090909091,1200.0,1237.9963636363636,1487.6363636363637,275,18
Potato,2023-10-10,1401.9933035714287,1179.0,1237.325892857143,1552.361607142857,448,24
Potato,2023-10-11,1437.5124378109454,1150.0,1262.5646766169154,1599.3432835820895,402,23
Potato,2023-10-12,1244.1379310344828,1010.0,1124.168582375479,1387.6704980842912,261,18
Potato,2023-11-06,1192.3870967741937,1070.0,1078.179211469534,1302.8781362007169,279,17
Potato,2023-11-07,1415.2915717539863,1200.0,1289.3302961275626,1547.7448747152619,439,22
Potato,2023-11-08,1534.079908675799,1272.5,1390.0159817351598,1672.6689497716895,438,24
Potato,2023-11-09,1556.156043956044,1200.0,1406.356043956044,1715.5186813186813,455,23
Potato,2023-11-10,1434.8398169336385,1170.0,1278.6132723112128,1590.6155606407322,437,25
Potato,2023-11-11,1395.1052631578948,1160.0,1238.9398496240601,1537.53007518797,266,23
Potato,2023-11-12,1277.183257918552,1000.0,1127.5135746606336,1409.8506787330316,442,22
Potato,2023-12-06,1297.2582781456954,1070.0,1174.7748344370862,1418.1611479028697,453,21
Potato,2023-12-07,1387.8348214285713,1205.0,1259.1450892857142,1548.2857142857142,448,22
Potato,2023-12-08,1397.7551546391753,1237.5,1266.2809278350514,1531.7938144329896,388,22
Potato,2023-12-09,1486.446224256293,1200.0,1331.5697940503433,1644.1945080091534,437,24
Potato,2023-12-10,1530.0977272727273,1165.0,1358.1045454545454,1687.0113636363637,440,24
Potato,2023-12-11,1344.624203821656,1150.0,1234.6433121019109,1456.0828025477706,157,13
Potato,2023-12-12,1213.5873015873017,990.0,1074.3242630385487,1341.4988662131518,441,22
Potato,2024-01-01,1167.518309859155,845.0,1038.625352112676,1289.687323943662,355,19
Potato,2024-01-02,1140.382075471698,850.0,1014.7688679245283,1260.0990566037735,424,24
Potato,2024-01-03,1275.9101941747572,1000.0,1142.504854368932,1404.4344660194174,412,24
Potato,2024-01-04,1575.2154882154882,1365.0,1418.2929292929293,1705.4410774410774,297,20
Potato,2024-01-05,1790.3014084507042,1730.0,1634.0929577464788,1926.3859154929578,355,23
Potato,2024-01-06,2077.2346368715084,1820.0,1908.3687150837989,2222.527932960894,358,20
Potato,2024-01-07,2104.0737527114966,2140.0,1950.5184381778743,2253.8481561822127,461,23
Potato,2024-01-08,3175.3931297709923,2500.0,2840.429389312977,3317.631679389313,524,25
Potato,2024-01-09,3376.0365853658536,2600.0,3042.1981707317073,3471.7835365853657,328,18
Potato,2024-01-10,3050.938492063492,2500.0,2753.8948412698414,3207.8869047619046,504,25
Potato,2024-01-11,3368.671755725191,2600.0,3049.5165394402034,3490.287531806616,393,21
Potato,2024-01-12,2458.3846153846152,2250.0,2270.948717948718,2636.1794871794873,195,17
Potato,2024-02-01,1062.7095115681234,800.0,945.7403598971722,1185.2776349614396,389,24
Potato,2024-02-02,1134.9279279279278,800.0,1009.4234234234234,1251.759009009009,444,24
Potato,2024-02-03,1215.9798488664987,1000.0,1095.9974811083123,1338.3400503778337,397,22
Potato,2024-02-04,1478.4734982332157,1400.0,1302.7526501766783,1609.1872791519434,283,21
Potato,2024-02-05,1904.2311212814645,1750.0,1742.4233409610983,2059.6727688787187,437,25
Potato,2024-02-06,1949.66796875,1820.0,1802.0390625,2074.078125,256,20
Potato,2024-02-07,2093.887573964497,2190.0,1934.5325443786983,2245.2169625246547,507,25
Potato,2024-02-08,3133.025500910747,2420.0,2804.0273224043717,3273.3879781420765,549,25
Potato,2024-02-09,3119.585877862595,2450.0,2807.9541984732823,3263.2442748091603,524,24
Potato,2024-02-10,3032.53596287703,2450.0,2737.988399071926,3170.5313225058003,431,21
Potato,2024-02-11,3231.1697674418606,2500.0,2919.0116279069766,3361.8837209302324,430,23
Potato,2024-02-12,3186.7388663967613,2500.0,2837.953441295547,3350.5445344129553,494,23
Potato,2024-03-01,1173.3844282238442,860.0,1052.4501216545011,1283.963503649635,411,23
Potato,2024-03-02,1102.3182897862232,800.0,983.7007125890736,1214.6342042755343,421,23
Potato,2024-03-03,1179.0292887029289,1050.0,1061.7154811715482,1286.5857740585775,239,19
Potato,2024-03-04,1605.8794871794871,1410.0,1454.174358974359,1738.9435897435897,390,25
Potato,2024-03-05,1936.441647597254,1760.0,1772.9862700228832,2084.862700228833,437,24
Potato,2024-03-06,2044.8283752860411,1810.0,1882.9885583524028,2192.3226544622426,437,22
Potato,2024-03-07,2108.6942800788956,2180.0,1950.4437869822484,2248.2386587771202,507,22
Potato,2024-03-08,3171.732673267327,2500.0,2820.2930693069306,3314.7069306930694,505,24
Potato,2024-03-09,3068.8853383458645,2400.0,2765.813909774436,3213.9135338345864,532,26
Potato,2024-03-10,3047.3051470588234,2500.0,2774.560661764706,3210.8198529411766,544,24
Potato,2024-03-11,3298.5730994152045,2525.0,2973.8654970760235,3404.0789473684213,342,19
Potato,2024-03-12,3153.656488549618,2500.0,2821.1736641221373,3326.9312977099235,524,26
Potato,2024-04-01,1170.7386363636363,850.0,1043.7022727272727,1290.884090909091,440,24
Potato,2024-04-02,1018.8769841269841,800.0,920.75,1109.8849206349207,252,17
Potato,2024-04-03,1307.449172576832,1030.0,1166.0874704491725,1437.936170212766,423,22
Potato,2024-04-04,1609.8054187192117,1420.0,1456.642857142857,1744.4162561576354,406,25
Potato,2024-04-05,1933.5731414868105,1750.0,1765.695443645084,2072.6378896882493,417,22
Potato,2024-04-06,2048.3847980997625,1830.0,1880.5890736342042,2247.2066508313537,421,25
Potato,2024-04-07,2109.814889336016,2180.0,1954.1086519114688,2251.9416498993965,497,24
Potato,2024-04-08,3368.928961748634,2500.0,3008.8661202185795,3472.841530054645,366,21
Potato,2024-04-09,3046.104089219331,2400.0,2750.139405204461,3194.565055762082,538,25
Potato,2024-04-10,3022.9710144927535,2450.0,2744.161231884058,3175.1304347826085,552,26
Potato,2024-04-11,3165.575569358178,2400.0,2840.184265010352,3318.399585921325,483,23
Potato,2024-04-12,3186.091254752852,2500.0,2827.638783269962,3346.78897338403,526,26
Potato,2024-05-01,1179.0522727272728,854.0,1051.0477272727273,1307.95,440,24
Potato,2024-05-02,1111.7306791569088,800.0,997.6440281030445,1233.5503512880562,427,23
Potato,2024-05-03,1281.3174224343675,1050.0,1142.2147971360382,1408.4892601431982,419,24
Potato,2024-05-04,1616.6212871287128,1450.0,1463.898514851485,1744.5123762376238,404,23
Potato,2024-05-05,1842.2767527675276,1760.0,1694.2841328413283,1960.4981549815498,271,19
Potato,2024-05-06,2052.8314087759813,1830.0,1889.3625866050809,2194.8267898383374,433,24
Potato,2024-05-07,2126.9863547758287,2200.0,1975.6023391812867,2277.9005847953217,513,25
Potato,2024-05-08,3132.9981515711647,2425.0,2832.6580406654343,3271.7837338262475,541,23
Potato,2024-05-09,3098.732342007435,2400.0,2788.124535315985,3253.6840148698884,538,25
Potato,2024-05-10,3065.500986193294,2500.0,2772.869822485207,3216.639053254438,507,23
Potato,2024-05-11,3091.7609108159395,2450.0,2781.318785578748,3255.660341555977,527,25
Potato,2024-05-12,3124.572222222222,2500.0,2776.2074074074076,3280.248148148148,540,26
Potato,2024-06-01,1168.058275058275,865.0,1041.7575757575758,1285.6573426573427,429,23
Potato,2024-06-02,1086.5330296127563,800.0,969.4441913439636,1209.2050113895216,439,26
Potato,2024-06-03,1331.5714285714287,1080.0,1194.6697892271663,1459.5152224824355,427,26
Potato,2024-06-04,1636.0347394540943,1460.0,1475.893300248139,1769.87841191067,403,23
Potato,2024-06-05,1945.244075829384,1757.5,1788.6516587677725,2095.2582938388628,422,23
Potato,2024-06-06,2079.9862385321103,1850.0,1914.0894495412845,2225.887614678899,436,25
Potato,2024-06-07,2161.5020408163264,2200.0,1994.1795918367347,2318.4367346938775,490,23
Potato,2024-06-08,3090.7753222836095,2400.0,2799.060773480663,3232.038674033149,543,26
Potato,2024-06-09,3075.3661710037177,2400.0,2780.0446096654273,3224.842007434944,538,23
Potato,2024-06-10,3197.5140449438204,2500.0,2881.755617977528,3310.983146067416,356,19
Potato,2024-06-11,3101.6130268199236,2445.0,2778.7739463601533,3305.5785440613026,522,26
Potato,2024-06-12,3149.9177570093457,2500.0,2821.8859813084114,3311.1943925233645,535,26
Potato,2024-07-01,1005.6926229508197,800.0,898.2991803278688,1101.0081967213114,244,18
Potato,2024-07-02,1148.7374429223744,800.0,1021.6187214611872,1276.038812785388,438,25
Potato,2024-07-03,1329.0775,1100.0,1183.19,1469.2575,400,23
Potato,2024-07-04,1505.549180327869,1430.0,1373.5860655737704,1630.717213114754,244,17
Potato,2024-07-05,1957.5483870967741,1765.0,1796.9131513647642,2100.563275434243,403,24
Potato,2024-07-06,2064.3061224489797,1845.0,1903.2925170068027,2219.4149659863947,441,23
Potato,2024-07-07,1878.2961783439491,2185.0,1745.092356687898,1997.7961783439491,314,19
Potato,2024-07-08,3097.418647166362,2400.0,2798.639853747715,3239.475319926874,547,25
Potato,2024-07-09,3101.2008113590264,2365.0,2788.559837728195,3251.075050709939,493,22
Potato,2024-07-10,3099.5807692307694,2435.0,2805.878846153846,3264.1673076923075,520,24
Potato,2024-07-11,3068.152963671128,2480.0,2745.8757170172084,3237.4990439770554,523,26
Potato,2024-07-12,3144.3543599257887,2500.0,2815.9814471243044,3302.8256029684603,539,23
Potato,2024-08-01,1186.2367816091953,840.0,1065.2091954022987,1303.0758620689655,435,22
Potato,2024-08-02,1122.8796296296296,800.0,1004.1736111111111,1246.701388888889,432,22
Potato,2024-08-03,1217.0295857988165,1050.0,1086.0828402366865,1336.3284023668639,338,22
Potato,2024-08-04,1665.5869017632242,1480.0,1501.23677581864,1799.1763224181361,397,23
Potato,2024-08-05,1965.3958333333333,1770.0,1803.3680555555557,2133.296296296296,432,24
Potato,2024-08-06,2035.9633507853403,1845.0,1868.6465968586388,2172.722513089005,382,24
Potato,2024-08-07,2907.3411306042885,2400.0,2614.150097465887,3060.5711500974658,513,23
Potato,2024-08-08,3112.887037037037,2400.0,2803.8166666666666,3260.7925925925924,540,25
Potato,2024-08-09,3295.3746397694526,2500.0,2966.6599423631123,3402.809798270893,347,19
Potato,2024-08-10,3101.8126232741615,2400.0,2807.112426035503,3247.025641025641,507,24
Potato,2024-08-11,3104.304924242424,2445.0,2775.3579545454545,3287.7007575757575,528,24
Potato,2024-08-12,3308.3166666666666,2685.0,2946.8055555555557,3436.5833333333335,360,19
Potato,2024-09-01,1165.313679245283,830.0,1048.3466981132076,1289.436320754717,424,24
Potato,2024-09-02,1135.0945626477542,800.0,1010.3309692671395,1255.6075650118203,423,23
Potato,2024-09-03,1205.2422535211267,1085.0,1065.6225352112676,1322.5661971830987,355,23
Potato,2024-09-04,1613.41782729805,1490.0,1475.9888579387186,1741.593314763231,359,22
Potato,2024-09-05,1965.6125290023201,1780.0,1800.9443155452436,2113.8190255220416,431,25
Potato,2024-09-06,1965.1379310344828,1850.0,1833.4750957854405,2072.2413793103447,261,17
Potato,2024-09-07,2852.1369863013697,2400.0,2616.737769080235,3020.033268101761,511,26
Potato,2024-09-08,3050.217311233886,2400.0,2737.162062615101,3195.499079189687,543,25
Potato,2024-09-09,3018.4835164835163,2360.0,2715.635531135531,3166.322344322344,546,23
Potato,2024-09-10,3071.3606237816766,2400.0,2771.4132553606237,3237.245614035088,513,26
Potato,2024-09-11,3081.6295546558704,2400.0,2766.825910931174,3236.587044534413,494,24
Potato,2024-09-12,3082.8175046554934,2480.0,2765.3612662942273,3243.893854748603,537,23
Potato,2024-10-01,1163.032258064516,800.0,1034.9400921658987,1275.0460829493088,434,24
Potato,2024-10-02,1029.2779369627508,800.0,910.6418338108882,1145.406876790831,349,23
Potato,2024-10-03,1289.7071129707113,1135.0,1167.0669456066946,1395.878661087866,239,19
Potato,2024-10-04,1560.0754716981132,1500.0,1419.24213836478,1683.2861635220127,318,20
Potato,2024-10-05,1979.5114503816794,1780.0,1815.620865139949,2131.091603053435,393,24
Potato,2024-10-06,2098.790432801822,1850.0,1932.9202733485195,2287.986332574032,439,23
Potato,2024-10-07,2842.4765625,2402.5,2606.484375,2998.28125,512,24
Potato,2024-10-08,3068.783464566929,2400.0,2761.1692913385828,3208.214566929134,508,23
Potato,2024-10-09,3010.75641025641,2355.0,2708.57326007326,3169.2417582417584,546,24
Potato,2024-10-10,3080.312252964427,2425.0,2783.9525691699605,3245.50395256917,506,25
Potato,2024-10-11,3297.766129032258,2620.0,2936.7204301075267,3418.2526881720432,372,20
Potato,2024-10-12,3044.9688715953307,2400.0,2739.2140077821014,3203.0992217898834,514,25
Potato,2024-11-01,1133.3771289537713,800.0,1021.1946472019465,1258.970802919708,411,25
Potato,2024-11-02,1015.6984126984127,810.0,913.9484126984127,1116.7063492063492,252,17
Potato,2024-11-03,1368.2285012285013,1160.0,1227.5208845208845,1498.1130221130222,407,22
Potato,2024-11-04,1670.4640522875818,1500.0,1535.575163398693,1795.7058823529412,306,20
Potato,2024-11-05,1929.8986666666667,1760.0,1771.0026666666668,2064.544,375,23
Potato,2024-11-06,2064.6398210290827,1850.0,1899.903803131991,2220.0536912751677,447,25
Potato,2024-11-07,2852.524850894632,2400.0,2614.2862823061632,3017.2842942345924,503,24
Potato,2024-11-08,3268.625,2467.5,2914.2277777777776,3373.0,360,21
Potato,2024-11-09,3029.7090909090907,2355.0,2750.887272727273,3181.630909090909,550,23
Potato,2024-11-10,3074.958932238193,2400.0,2769.930184804928,3236.104722792608,487,22
Potato,2024-11-11,3157.1127819548874,2560.0,2837.4436090225563,3323.4605263157896,532,24
Potato,2024-11-12,3023.602661596958,2345.0,2708.9885931558933,3185.43536121673,526,26
Potato,2024-12-01,1146.322891566265,800.0,1016.8240963855421,1266.9759036144578,415,24
Potato,2024-12-02,1126.0047505938242,800.0,1013.1425178147268,1241.2375296912114,421,23
Potato,2024-12-03,1402.5690866510538,1200.0,1262.456674473068,1527.6674473067915,427,23
Potato,2024-12-04,1713.0106666666666,1550.0,1569.2346666666667,1843.5546666666667,375,23
Potato,2024-12-05,1905.122950819672,1795.0,1759.6516393442623,2029.5901639344263,244,18
Potato,2024-12-06,2111.440909090909,1900.0,1937.5227272727273,2263.634090909091,440,24
Potato,2024-12-07,2827.761316872428,2400.0,2589.409465020576,2984.1522633744858,486,25
Potato,2024-12-08,3091.3105360443624,2400.0,2784.988909426987,3241.981515711645,541,22
Potato,2024-12-09,3011.984761904762,2350.0,2718.133333333333,3169.2361904761906,525,24
Potato,2024-12-10,3135.3256880733943,2400.0,2832.4495412844035,3279.3004587155965,436,22
Potato,2024-12-11,3160.1044487427466,2500.0,2843.3172147001933,3329.4448742746613,517,24
Potato,2024-12-12,2922.7190388170056,2250.0,2624.861367837338,3078.5674676524955,541,24
Potato,2025-01-01,2636.6045340050377,2000.0,2330.0403022670025,2754.198992443325,397,19
Potato,2025-01-02,2048.082375478927,1182.5,1801.4176245210729,2161.950191570881,522,22
Potato,2025-01-03,1782.546617915905,1050.0,1576.1901279707495,1881.4478976234004,547,24
Potato,2025-01-04,1716.9811320754718,1200.0,1522.5094339622642,1816.0716981132075,530,22
Potato,2025-01-05,1802.0551020408163,1225.0,1584.438775510204,1895.5285714285715,490,23
Potato,2025-01-06,2217.6498599439774,1400.0,1937.1316526610644,2308.0,357,18
Potato,2025-02-01,2443.5625,1800.0,2176.9166666666665,2576.8977272727275,528,24
Potato,2025-02-02,2248.1262886597938,1200.0,1967.6030927835052,2339.884020618557,388,18
Potato,2025-02-03,1948.0024630541873,1085.0,1727.6847290640394,2034.9655172413793,406,17
Potato,2025-02-04,1732.0191972076789,1200.0,1537.804537521815,1832.1431064572425,573,25
Potato,2025-02-05,1786.4973544973545,1220.0,1571.8148148148148,1900.0388007054673,567,24
Potato,2025-02-06,1909.060070671378,1252.0,1682.5689045936397,2022.4540636042402,566,23
Potato,2025-03-01,2520.4814814814813,1800.0,2251.6925925925925,2656.5833333333335,540,26
Potato,2025-03-02,1962.5119047619048,1160.0,1729.748299319728,2065.3809523809523,588,23
Potato,2025-03-03,1747.8088737201365,1080.0,1543.6092150170648,1851.9419795221843,586,21
Potato,2025-03-04,1721.506129597198,1200.0,1527.9264448336253,1828.9474605954465,571,25
Potato,2025-03-05,1798.1636029411766,1200.0,1577.6764705882354,1902.3511029411766,544,24
Potato,2025-03-06,1917.8599290780141,1260.0,1678.0691489361702,2036.6489361702127,564,23
Potato,2025-04-01,2522.2970873786408,1800.0,2242.970873786408,2668.493203883495,515,23
Potato,2025-04-02,1929.2662229617304,1150.0,1696.8968386023294,2044.6888519134775,601,25
Potato,2025-04-03,1743.559265442404,1055.0,1539.771285475793,1845.2003338898164,599,26
Potato,2025-04-04,1696.0555555555557,1200.0,1495.4175084175083,1803.7424242424242,594,25
Potato,2025-04-05,1956.1483375959078,1250.0,1709.7289002557545,2041.5959079283887,391,19
Potato,2025-04-06,1921.4665492957747,1280.0,1691.3714788732395,2031.6426056338028,568,25
Potato,2025-05-01,2883.9937304075233,2150.0,2558.087774294671,2992.9780564263324,319,19
Potato,2025-05-02,1912.4092409240925,1132.5,1705.2953795379537,2022.5742574257426,606,23
Potato,2025-05-03,1782.3082191780823,1100.0,1571.849315068493,1888.275684931507,584,25
Potato,2025-05-04,1698.5590828924162,1200.0,1492.6931216931216,1797.1358024691358,567,23
Potato,2025-05-05,1822.0755395683452,1225.0,1602.586330935252,1927.1420863309352,556,23
Potato,2025-05-06,1901.996551724138,1267.5,1683.603448275862,2010.5741379310346,580,25
Potato,2025-06-01,2539.2661596958174,1800.0,2256.2661596958174,2676.560836501901,526,23
Potato,2025-06-02,1939.0230642504118,1160.0,1707.9719934102143,2052.116968698517,607,25
Potato,2025-06-03,1745.1088082901554,1100.0,1557.5993091537132,1840.9550949913644,579,22
Potato,2025-06-04,1848.170792079208,1242.5,1628.2673267326732,1937.5420792079208,404,20
Potato,2025-06-05,1810.7088388214904,1250.0,1598.5441941074523,1929.0381282495666,577,24
Potato,2025-06-06,1970.9363957597172,1286.5,1736.5371024734982,2088.6978798586574,566,25
Potato,2025-07-01,2434.091234347048,1750.0,2170.7298747763866,2572.525939177102,559,26
Potato,2025-07-02,1937.5108877721943,1120.0,1699.7721943048575,2046.499162479062,597,21
Potato,2025-07-03,1751.4120603015076,1100.0,1547.0485762144053,1857.817420435511,597,24
Potato,2025-07-04,1706.38698630137,1200.0,1510.2123287671234,1815.1917808219177,584,23
Potato,2025-07-05,1823.0657439446368,1242.5,1607.0190311418685,1928.1955017301038,578,26
Potato,2025-07-06,2022.0559139784946,1285.0,1770.468817204301,2118.6881720430106,465,22
Potato,2025-08-01,2448.5822550831795,1780.0,2181.9907578558227,2577.3234750462107,541,26
Potato,2025-08-02,1890.4972972972973,1100.0,1640.327927927928,2001.7027027027027,555,24
Potato,2025-08-03,1789.2053742802302,1100.0,1589.2648752399232,1889.2955854126678,521,23
Potato,2025-08-04,1696.3089005235602,1200.0,1500.6247818499128,1807.8795811518326,573,26
Potato,2025-08-05,1810.0611205432938,1250.0,1592.6213921901528,1925.7181663837011,589,25
Potato,2025-08-06,2154.42385786802,1360.0,1879.8248730964467,2244.213197969543,394,20
Potato,2025-09-01,2371.149908592322,1700.0,2107.9798903107862,2499.4789762340038,547,25
Potato,2025-09-02,2047.602380952381,1140.0,1792.654761904762,2136.404761904762,420,20
Potato,2025-09-03,1934.3863080684596,1140.0,1707.4180929095355,2019.9511002444988,409,17
Potato,2025-09-04,1723.4584837545126,1200.0,1533.120938628159,1828.3249097472924,554,24
Potato,2025-09-05,1851.7477954144622,1240.0,1627.3403880070546,1965.8342151675486,567,23
Potato,2025-09-06,1947.8623188405797,1300.0,1719.5652173913043,2064.8514492753625,552,22
Potato,2025-10-01,2385.2539964476023,1650.0,2120.6252220248666,2519.309058614565,563,26
Potato,2025-10-02,1913.115120274914,1100.0,1693.8264604810997,2014.1924398625429,582,24
Potato,2025-10-03,1750.6110183639398,1100.0,1561.178631051753,1852.499165275459,599,21
Potato,2025-10-04,1718.8171641791046,1200.0,1509.1828358208954,1818.027985074627,536,25
Potato,2025-10-05,1345.5382436260622,1150.0,1205.3767705382436,1476.7507082152974,353,20
Potato,2025-10-06,1433.2167042889391,1225.0,1290.96388261851,1571.176072234763,443,23
Potato,2025-11-01,2373.1686746987953,1600.0,2108.483935742972,2499.6827309236946,498,24
Potato,2025-11-02,1905.365896980462,1100.0,1693.1616341030197,2003.5861456483126,563,24
Potato,2025-11-03,1736.8644939965695,1115.0,1546.607204116638,1851.3567753001714,583,22
Potato,2025-11-04,1717.9460431654677,1200.0,1514.5359712230215,1820.5269784172663,556,23
Potato,2025-11-05,2149.4447674418607,1375.0,1890.4651162790697,2229.8401162790697,344,17
Potato,2025-11-06,2203.7898734177215,1400.0,1930.939240506329,2305.313924050633,395,22
Potato,2025-12-01,2499.952879581152,1700.0,2214.7251308900522,2605.8769633507854,382,18
Potato,2025-12-02,1988.5813084112149,1100.0,1754.4355140186915,2086.285981308411,535,24
Potato,2025-12-03,1838.3379790940767,1140.0,1572.6533101045295,1944.3937282229965,574,25
Potato,2025-12-04,1769.594017094017,1200.0,1558.5555555555557,1873.5042735042734,468,21
Potato,2025-12-05,1896.112,1250.0,1665.674,2001.598,500,23
Rice,2025-01-05,3463.5344827586205,3300.0,3368.8362068965516,3550.2155172413795,116,9
Rice,2025-01-06,3518.7714285714287,3380.0,3418.657142857143,3620.9142857142856,70,7
Rice,2025-02-05,3582.9605263157896,3315.0,3429.0526315789475,3723.1381578947367,152,12
Rice,2025-02-06,3469.714285714286,3350.0,3327.6714285714284,3619.9857142857145,140,10
Rice,2025-03-05,3540.4263565891474,3310.0,3386.860465116279,3699.077519379845,129,10
Rice,2025-03-06,3513.3643410852715,3335.0,3361.15503875969,3649.720930232558,129,11
Rice,2025-04-05,3602.109375,3400.0,3537.1875,3674.6875,64,4
Rice,2025-04-06,3517.94964028777,3350.0,3382.028776978417,3668.6258992805756,139,11
Rice,2025-05-05,3597.068493150685,3312.5,3454.821917808219,3736.390410958904,146,11
Rice,2025-05-06,3579.4779411764707,3350.0,3421.279411764706,3731.2426470588234,136,12
Rice,2025-06-04,3687.0845070422533,3400.0,3603.6901408450703,3774.549295774648,71,6
Rice,2025-06-05,3573.9285714285716,3322.5,3438.1428571428573,3715.1785714285716,140,11
Rice,2025-06-06,3663.1575342465753,3350.0,3467.7123287671234,3899.972602739726,146,13
Rice,2025-07-04,3661.673469387755,3290.0,3471.21768707483,3811.21768707483,147,12
Rice,2025-07-05,3559.793103448276,3320.0,3403.558620689655,3702.4827586206898,145,12
Rice,2025-08-04,3562.1071428571427,3282.5,3423.0714285714284,3709.0,140,12
Rice,2025-08-05,3561.1071428571427,3320.0,3414.9714285714285,3712.5285714285715,140,12
Rice,2025-09-04,3558.6434108527133,3300.0,3429.906976744186,3693.1627906976746,129,12
Rice,2025-09-05,3588.900709219858,3320.0,3450.886524822695,3739.0354609929077,141,12
Rice,2025-10-04,3666.126126126126,3325.0,3545.045045045045,3769.711711711712,111,11
Rice,2025-10-05,3594.5862068965516,3360.0,3454.183908045977,3727.0,87,7
Rice,2025-11-04,3651.056338028169,3305.0,3483.8028169014083,3770.894366197183,142,13
Rice,2025-11-05,3543.769230769231,3375.0,3460.269230769231,3627.326923076923,52,7
Rice,2025-12-04,3675.6875,3400.0,3561.65,3815.8125,80,5
Rice,2025-12-05,3602.2890625,3327.5,3469.6328125,3719.625,128,11
Tomato,2023-01-07,5848.100558659218,5000.0,5218.402234636871,6412.72625698324,358,19
Tomato,2023-01-08,8612.527607361963,8000.0,7328.312883435583,9684.018404907976,163,15
Tomato,2023-01-09,2780.8823529411766,2775.0,2512.0588235294117,3093.3823529411766,68,16
Tomato,2023-01-10,1610.148148148148,1200.0,1473.148148148148,1742.7777777777778,27,8
Tomato,2023-01-11,1978.3870967741937,1640.0,1810.032258064516,2148.3225806451615,62,17
Tomato,2023-02-07,5713.291828793775,5500.0,5099.906614785992,6317.972762645914,257,16
Tomato,2023-02-08,8291.453416149068,7900.0,6999.4409937888195,9372.57142857143,161,14
Tomato,2023-02-09,2662.6315789473683,2690.0,2340.7368421052633,2952.4210526315787,76,18
Tomato,2023-02-10,1409.5555555555557,1285.0,1258.5185185185185,1531.2962962962963,54,13
Tomato,2023-02-11,1905.084745762712,1625.0,1715.6949152542372,2091.35593220339,59,12
Tomato,2023-03-07,6011.646907216495,5750.0,5358.76030927835,6751.069587628866,388,21
Tomato,2023-03-08,8018.472049689441,7825.0,6673.571428571428,9236.136645962733,161,16
Tomato,2023-03-09,2507.222222222222,2570.0,2216.9444444444443,2809.4444444444443,36,11
Tomato,2023-03-10,1418.3648648648648,1265.0,1226.6216216216217,1594.7972972972973,74,16
Tomato,2023-03-11,1965.6103896103896,1700.0,1746.8181818181818,2149.6753246753246,77,18
Tomato,2023-04-07,6395.4517766497465,6000.0,5664.870558375635,7049.428934010152,394,21
Tomato,2023-04-08,7981.529411764706,8000.0,6759.901960784314,9041.699346405228,153,18
Tomato,2023-04-09,2830.53125,2570.0,2596.875,3074.921875,64,18
Tomato,2023-04-10,1427.6153846153845,1210.0,1263.7692307692307,1580.3076923076924,65,14
Tomato,2023-04-11,1947.3466666666666,1700.0,1698.9866666666667,2146.653333333333,75,17
Tomato,2023-05-07,6406.377604166667,6050.0,5700.838541666667,7084.578125,384,20
Tomato,2023-05-08,8501.134228187919,8000.0,7236.872483221477,9477.912751677852,149,15
Tomato,2023-05-09,2383.75,2450.0,2111.25,2610.0833333333335,60,14
Tomato,2023-05-10,1715.5263157894738,1302.5,1546.4473684210527,1837.8947368421052,76,16
Tomato,2023-05-11,1918.28125,1780.0,1724.375,2091.5625,32,8
Tomato,2023-06-06,1620.9298245614036,1053.0,1425.2105263157894,1793.3640350877192,456,24
Tomato,2023-06-07,6547.901515151515,6337.5,5842.063131313132,7234.694444444444,396,21
Tomato,2023-06-08,7705.422680412371,8000.0,6116.783505154639,8767.092783505155,97,13
Tomato,2023-06-09,2392.867924528302,2400.0,2168.7735849056603,2632.9622641509436,53,13
Tomato,2023-06-10,1453.142857142857,1210.0,1290.3246753246754,1629.3506493506493,77,15
Tomato,2023-06-11,2073.714285714286,1785.0,1894.6571428571428,2281.8571428571427,70,15
Tomato,2023-07-06,1571.5088495575221,1064.5,1385.774336283186,1755.154867256637,452,23
Tomato,2023-07-07,6402.178977272727,6425.0,5741.815340909091,7052.315340909091,352,20
Tomato,2023-07-08,8617.454545454546,8525.0,7649.727272727273,9525.181818181818,22,11
Tomato,2023-07-09,2519.0508474576272,2250.0,2293.4745762711864,2716.4745762711864,59,16
Tomato,2023-07-10,1484.144927536232,1315.0,1312.8260869565217,1649.855072463768,69,14
Tomato,2023-08-06,1583.9144736842106,1050.0,1398.767543859649,1749.3026315789473,456,23
Tomato,2023-08-07,6559.730158730159,6540.0,5851.885714285714,7212.961904761904,315,20
Tomato,2023-08-08,7915.48,8900.0,7024.0,8630.0,25,10
Tomato,2023-08-09,2115.8607594936707,2140.0,1891.0379746835442,2308.1645569620255,79,17
Tomato,2023-08-10,1500.673076923077,1257.5,1365.7692307692307,1649.326923076923,52,13
Tomato,2023-09-06,1586.7433035714287,1095.0,1410.607142857143,1777.9308035714287,448,23
Tomato,2023-09-07,6694.152838427947,6667.0,5963.10480349345,7380.8340611353715,229,14
Tomato,2023-09-08,8724.526315789473,8900.0,8116.315789473684,9411.578947368422,19,10
Tomato,2023-09-09,1935.4464285714287,1950.0,1758.6607142857142,2112.8571428571427,56,12
Tomato,2023-09-10,1441.5753424657535,1200.0,1276.5068493150684,1605.5479452054794,73,16
Tomato,2023-10-06,1535.9752475247524,1100.0,1340.618811881188,1758.2673267326732,404,22
Tomato,2023-10-07,7192.6551724137935,6950.0,6438.126436781609,7881.109195402299,348,19
Tomato,2023-10-08,8158.060606060606,8160.0,7268.969696969697,8997.818181818182,33,12
Tomato,2023-10-09,2052.0,1900.0,1801.9555555555555,2296.6222222222223,45,13
Tomato,2023-10-10,1377.467741935484,1200.0,1196.532258064516,1511.4516129032259,62,15
Tomato,2023-11-06,1611.7260273972602,1150.0,1393.6609589041095,1805.2979452054794,292,17
Tomato,2023-11-07,7504.607902735563,7060.0,6757.246200607903,8145.699088145897,329,19
Tomato,2023-11-08,7531.921052631579,7400.0,6743.684210526316,8280.131578947368,38,13
Tomato,2023-11-09,2194.818181818182,1800.0,1988.4415584415585,2396.6233766233768,77,18
Tomato,2023-11-10,1498.3239436619717,1280.0,1320.0704225352113,1687.4647887323943,71,16
Tomato,2023-12-06,1755.886462882096,1200.0,1555.938864628821,1958.9650655021835,458,21
Tomato,2023-12-07,7505.94674556213,7150.0,6736.41124260355,8284.576923076924,338,18
Tomato,2023-12-08,6781.410256410257,6800.0,6176.923076923077,7210.25641025641,39,12
Tomato,2023-12-09,1962.65625,1800.0,1749.921875,2150.0,64,16
Tomato,2023-12-10,1620.3714285714286,1300.0,1425.9285714285713,1805.4285714285713,70,17
Wheat,2023-01-07,2290.793147208122,2235.0,2166.032994923858,2404.5,394,13
Wheat,2023-01-08,2367.207459207459,2310.0,2247.086247086247,2497.4289044289044,429,13
Wheat,2023-01-09,2402.357819905213,2350.0,2301.7511848341233,2509.9170616113743,422,12
Wheat,2023-01-10,2347.34375,2325.0,2285.625,2385.375,96,7
Wheat,2023-01-11,2550.1594594594594,2500.0,2404.5459459459457,2697.8324324324326,370,10
Wheat,2023-01-12,2559.067055393586,2500.0,2425.291545189504,2690.32944606414,343,12
Wheat,2023-02-07,2256.1019108280257,2200.0,2168.770700636943,2309.2866242038217,157,8
Wheat,2023-02-08,2384.108597285068,2320.0,2259.190045248869,2508.004524886878,442,12
Wheat,2023-02-09,2387.9064935064935,2350.0,2286.392207792208,2485.4103896103898,385,11
Wheat,2023-02-10,2388.8676470588234,2350.0,2304.705882352941,2462.4313725490197,204,8
Wheat,2023-02-11,2572.0496083550916,2502.0,2430.248041775457,2726.845953002611,383,14
Wheat,2023-02-12,2551.885714285714,2500.0,2422.177777777778,2686.019047619048,315,12
Wheat,2023-03-07,2279.1942446043167,2230.0,2160.863309352518,2391.664268585132,417,14
Wheat,2023-03-08,2397.5124378109454,2330.0,2270.360696517413,2522.039800995025,402,11
Wheat,2023-03-09,2371.8076923076924,2312.5,2289.9076923076923,2423.5692307692307,130,7
Wheat,2023-03-10,2453.598540145985,2395.0,2319.9002433090022,2615.296836982968,411,13
Wheat,2023-03-11,2551.7512195121953,2500.0,2406.2390243902437,2706.878048780488,410,11
Wheat,2023-03-12,2462.294117647059,2450.0,2385.529411764706,2526.0392156862745,102,8
Wheat,2023-04-07,2287.626931567329,2230.0,2161.5474613686533,2424.2097130242823,453,12
Wheat,2023-04-08,2404.782082324455,2325.0,2288.271186440678,2516.2760290556903,413,12
Wheat,2023-04-09,2395.805194805195,2330.0,2287.8506493506493,2477.655844155844,308,12
Wheat,2023-04-10,2440.7374701670647,2370.0,2317.291169451074,2574.99522673031,419,12
Wheat,2023-04-11,2548.9974025974025,2500.0,2405.903896103896,2686.5194805194806,385,12
Wheat,2023-04-12,2594.8743315508023,2520.0,2445.8770053475937,2726.6737967914437,374,12
Wheat,2023-05-07,2277.7336244541484,2230.0,2162.9694323144104,2403.185589519651,458,11
Wheat,2023-05-08,2374.1162162162163,2310.0,2270.0027027027027,2484.5891891891893,370,12
Wheat,2023-05-09,2408.0257234726687,2340.0,2310.331189710611,2494.2218649517686,311,12
Wheat,2023-05-10,2453.6893203883496,2380.0,2315.483009708738,2587.5461165048546,412,13
Wheat,2023-05-11,2456.028846153846,2437.5,2390.0673076923076,2525.855769230769,104,6
Wheat,2023-05-12,2579.8300835654595,2520.0,2449.626740947075,2719.459610027855,359,13
Wheat,2023-06-06,2289.352813852814,2250.0,2154.8896103896104,2435.7272727272725,462,14
Wheat,2023-06-07,2297.65668202765,2250.0,2177.311059907834,2420.3986175115206,434,12
Wheat,2023-06-08,2306.098484848485,2280.0,2221.962121212121,2334.8030303030305,132,8
Wheat,2023-06-09,2406.0476190476193,2330.0,2309.095238095238,2494.3290043290044,231,12
Wheat,2023-06-10,2444.5,2375.0,2315.631455399061,2587.870892018779,426,12
Wheat,2023-06-11,2568.9520202020203,2500.0,2417.800505050505,2718.1111111111113,396,12
Wheat,2023-06-12,2577.632681564246,2524.5,2430.3016759776538,2725.4972067039107,358,11
Wheat,2023-07-06,2298.0907127429805,2248.0,2160.7105831533477,2485.0583153347734,463,11
Wheat,2023-07-07,2290.4688221709007,2241.0,2168.8637413394918,2424.4087759815243,433,12
Wheat,2023-07-08,2397.220930232558,2325.0,2275.5116279069766,2523.5837209302326,430,11
Wheat,2023-07-09,2364.223404255319,2320.0,2285.159574468085,2400.196808510638,188,10
Wheat,2023-07-10,2464.8091603053435,2370.0,2338.758269720102,2594.201017811705,393,12
Wheat,2023-07-11,2577.979797979798,2502.5,2423.2954545454545,2743.7146464646466,396,11
Wheat,2023-07-12,2566.117333333333,2510.0,2425.0453333333335,2726.538666666667,375,13
Wheat,2023-08-06,2296.974082073434,2245.0,2168.619870410367,2426.622030237581,463,13
Wheat,2023-08-07,2267.183486238532,2225.0,2147.5626911314985,2374.336391437309,327,12
Wheat,2023-08-08,2404.94,2350.0,2280.88,2531.1066666666666,450,11
Wheat,2023-08-09,2384.057142857143,2330.0,2289.063492063492,2461.1079365079363,315,14
Wheat,2023-08-10,2373.4083333333333,2330.0,2290.116666666667,2415.9583333333335,120,9
Wheat,2023-08-11,2587.6803278688526,2500.0,2447.8306010928964,2739.4180327868853,366,12
Wheat,2023-08-12,2561.3205128205127,2510.0,2425.646153846154,2684.174358974359,390,13
Wheat,2023-09-06,2295.2415349887133,2250.0,2162.4762979683974,2430.2821670428893,443,12
Wheat,2023-09-07,2234.248275862069,2200.0,2147.7655172413793,2288.2413793103447,145,9
Wheat,2023-09-08,2395.6178489702515,2350.0,2276.183066361556,2515.0640732265447,437,11
Wheat,2023-09-09,2378.9888475836433,2325.0,2285.524163568773,2470.624535315985,269,13
Wheat,2023-09-10,2460.8618266978924,2381.0,2321.4262295081967,2609.2903981264635,427,13
Wheat,2023-09-11,2541.7815384615383,2480.0,2416.2276923076925,2685.2246153846154,325,13
Wheat,2023-09-12,2562.2030651340997,2505.0,2428.0038314176245,2692.467432950192,261,12
Wheat,2023-10-06,2278.4089709762534,2235.0,2158.802110817942,2391.6543535620053,379,13
Wheat,2023-10-07,2295.043668122271,2246.5,2164.589519650655,2421.1593886462883,458,12
Wheat,2023-10-08,2406.5368663594472,2347.0,2290.1705069124423,2524.0806451612902,434,12
Wheat,2023-10-09,2330.376,2320.0,2257.288,2397.576,125,8
Wheat,2023-10-10,2451.1428571428573,2380.0,2318.6174334140437,2587.7845036319613,413,13
Wheat,2023-10-11,2534.6698564593303,2465.0,2433.0095693779904,2640.7416267942585,209,13
Wheat,2023-10-12,2483.86,2450.0,2407.69,2540.07,100,8
Wheat,2023-11-06,2245.502923976608,2230.0,2154.2280701754385,2308.0233918128656,171,8
Wheat,2023-11-07,2293.895089285714,2230.0,2170.7321428571427,2414.245535714286,448,13
Wheat,2023-11-08,2390.92600896861,2325.0,2271.067264573991,2518.091928251121,446,12
Wheat,2023-11-09,2412.9691011235955,2340.5,2298.637640449438,2495.887640449438,356,13
Wheat,2023-11-10,2451.539024390244,2383.0,2328.4146341463415,2592.2731707317075,410,12
Wheat,2023-11-11,2576.0515463917527,2495.0,2469.659793814433,2674.175257731959,97,11
Wheat,2023-11-12,2553.1022727272725,2500.0,2412.536931818182,2689.1022727272725,352,11
Wheat,2023-12-06,2297.12215320911,2244.0,2164.0207039337474,2436.432712215321,483,12
Wheat,2023-12-07,2306.77397260274,2240.0,2192.3538812785387,2429.1438356164385,438,11
Wheat,2023-12-08,2367.2408536585367,2300.0,2261.4664634146343,2479.253048780488,328,12
Wheat,2023-12-09,2424.4698795180725,2340.0,2311.3042168674697,2523.4698795180725,332,11
Wheat,2023-12-10,2469.061425061425,2396.0,2338.8697788697787,2616.786240786241,407,14
Wheat,2023-12-11,2561.8214285714284,2507.5,2470.8214285714284,2648.25,28,5
Wheat,2023-12-12,2526.3323353293413,2490.0,2406.6616766467064,2648.2664670658683,334,12
Wheat,2024-01-01,2519.973076923077,2480.0,2411.0730769230768,2661.2153846153847,260,11
Wheat,2024-01-02,2533.6870967741934,2510.0,2413.31935483871,2689.809677419355,310,13
Wheat,2024-02-01,2524.2569169960475,2490.0,2408.0513833992095,2668.8260869565215,253,10
Wheat,2024-02-02,2529.5124223602484,2500.0,2393.0341614906833,2685.894409937888,322,12
Wheat,2024-03-01,2511.591603053435,2480.0,2402.263358778626,2644.3969465648856,262,11
Wheat,2024-03-02,2539.5033444816054,2505.0,2421.9096989966556,2686.448160535117,299,12
Wheat,2024-04-01,2522.598662207358,2500.0,2407.391304347826,2674.016722408027,299,11
Wheat,2024-04-02,2466.675675675676,2472.5,2408.0810810810813,2521.2297297297296,74,7
Wheat,2024-05-01,2531.066225165563,2500.0,2404.5794701986756,2671.1953642384105,302,13
Wheat,2024-05-02,2508.2763157894738,2500.0,2387.6776315789475,2685.0197368421054,304,12
Wheat,2024-06-01,2530.769230769231,2500.0,2409.451048951049,2667.2727272727275,286,12
Wheat,2024-06-02,2505.038338658147,2480.0,2394.0095846645368,2674.415335463259,313,11
Wheat,2024-07-01,2465.2328767123286,2480.0,2399.3835616438355,2527.178082191781,73,8
Wheat,2024-08-01,2541.54375,2500.0,2425.878125,2680.134375,320,12
Wheat,2024-09-01,2550.79,2510.0,2428.0433333333335,2710.12,300,11
Wheat,2024-10-01,2557.4117647058824,2515.0,2448.107843137255,2700.6895424836603,306,11
Wheat,2024-11-01,2560.1546391752577,2520.0,2449.573883161512,2687.4295532646047,291,13
Wheat,2024-12-01,2560.9840255591052,2525.0,2449.0,2731.5623003194887,313,10
